,DNA source,Illumina ID,SCIENTIFIC_NAME,Sample Name,Sex,Submission description,Submission identifier,Submission title,TAXON_ID,country,experiment_accession,latitude,longitude,population,region,run_accessions,sample_accession,sample_alias,town
ERX1104497,Genomic from cell lines,LP6005441-DNA_G05,Homo sapiens,HGDP01240,male,Public human samples for simons_data,GSB-180,simons_data_ga4gh,9606,China,ERX1104497,47.5,133.5,Hezhen,EastAsia,"['ERR1025627', 'ERR1419153']",ERS1042253,SAMEA3302880,
ERX1097993,Genomic from cell lines,LP6005441-DNA_A05,Homo sapiens,HGDP00530,male,Public human samples for simons_data,GSB-180,simons_data_ga4gh,9606,France,ERX1097993,46,2,French,WestEurasia,"['ERR1019053', 'ERR1419091']",ERS1042155,SAMEA3302635,
ERX1097976,Genomic from cell lines,LP6005441-DNA_B06,Homo sapiens,HGDP01172,female,Public human samples for simons_data,GSB-180,simons_data_ga4gh,9606,Italy: (Bergamo),ERX1097976,46,10,Bergamo,WestEurasia,"['ERR1019036', 'ERR1419103', 'ERR1625860']",ERS1042138,SAMEA3302855,
ERX1462750,,LP6007069-DNA_A01,Homo sapiens,AV-21,female,Public human samples for simons_data,GSB-180,simons_data_ga4gh,9606,Greece,ERX1462750,,,Crete,WestEurasia,['ERR1425293'],ERS1358153,SAMEA3302765,
ERX1462749,Genomic from cell lines,LP6005677-DNA_D01,Homo sapiens,zapo0099,,Public human samples for simons_data,GSB-180,simons_data_ga4gh,9606,Mexico,ERX1462749,16.5,-97.2,Zapotec,America,['ERR1395622'],ERS1358152,SAMEA3302757,
ERX1462748,Genomic from cell lines,LP6005592-DNA_G01,Homo sapiens,YemeniteJew5433,male,Public human samples for simons_data,GSB-180,simons_data_ga4gh,9606,Yemen,ERX1462748,15.4,44.2,Yemenite_Jew,WestEurasia,['ERR1395621'],ERS1358151,SAMEA3302807,
ERX1462747,Genomic from cell lines,LP6005592-DNA_E01,Homo sapiens,IraqiJew4291,male,Public human samples for simons_data,GSB-180,simons_data_ga4gh,9606,Iraq,ERX1462747,33.3,44.4,Iraqi_Jew,WestEurasia,['ERR1395620'],ERS1358150,SAMEA3302705,
ERX1462746,Genomic from cell lines,SS6004468,Homo sapiens,HGDP00533,male,Public human samples for simons_data,GSB-180,simons_data_ga4gh,9606,France,ERX1462746,46,2,French,WestEurasia,['ERR1395619'],ERS1358149,SAMEA3302712,
ERX1462745,Genomic from cell lines,SS6004467,Homo sapiens,HGDP01308,male,Public human samples for simons_data,GSB-180,simons_data_ga4gh,9606,China,ERX1462745,21,100,Dai,EastAsia,['ERR1395618'],ERS1358148,SAMEA3302666,
ERX1462744,,LP6007068-DNA_A01,Homo sapiens,TZ-11,male,Public human samples for simons_data,GSB-180,simons_data_ga4gh,9606,Greece,ERX1462744,,,Crete,WestEurasia,['ERR1395617'],ERS1358147,SAMEA3302625,
ERX1462743,,LP6005592-DNA_D01,Homo sapiens,Utsa22,U,Public human samples for simons_data,GSB-180,simons_data_ga4gh,9606,Finland,ERX1462743,69.9,27,Saami,WestEurasia,['ERR1395616'],ERS1358146,SAMEA3302851,
ERX1462742,,LP6005519-DNA_C04,Homo sapiens,Y4,,Public human samples for simons_data,GSB-180,simons_data_ga4gh,9606,India,ERX1462742,17.7,83.3,Yadava,SouthAsia,['ERR1395615'],ERS1358145,SAMEA3302740,
ERX1462741,Genomic from blood,LP6005519-DNA_C03,Homo sapiens,tdj409_shugnan,,Public human samples for simons_data,GSB-180,simons_data_ga4gh,9606,Tajikistan,ERX1462741,37.6,71.5,Tajik,WestEurasia,['ERR1395614'],ERS1358144,SAMEA3302901,Shugnan
ERX1462740,Genomic from saliva,LP6005519-DNA_B06,Homo sapiens,Bu16,male,Public human samples for simons_data,GSB-180,simons_data_ga4gh,9606,Myanmar,ERX1462740,17,96.7,Burmese,EastAsia,['ERR1395613'],ERS1358143,SAMEA3302895,Mandalay (sampled in Singapore)
ERX1462739,,LP6005519-DNA_B05,Homo sapiens,R6,,Public human samples for simons_data,GSB-180,simons_data_ga4gh,9606,India,ERX1462739,17.7,83.3,Relli,SouthAsia,['ERR1395612'],ERS1358142,SAMEA3302767,
ERX1462738,,LP6005519-DNA_B04,Homo sapiens,K4,,Public human samples for simons_data,GSB-180,simons_data_ga4gh,9606,India,ERX1462738,17.7,83.3,Kapu,SouthAsia,['ERR1395611'],ERS1358141,SAMEA3302839,
ERX1462737,Genomic from saliva,LP6005519-DNA_A06,Homo sapiens,Bu5,male,Public human samples for simons_data,GSB-180,simons_data_ga4gh,9606,Myanmar,ERX1462737,17,96.7,Burmese,EastAsia,['ERR1395610'],ERS1358140,SAMEA3302692,Yangon (sampled in Singapore)
ERX1462736,,LP6005519-DNA_A05,Homo sapiens,R3,,Public human samples for simons_data,GSB-180,simons_data_ga4gh,9606,India,ERX1462736,17.7,83.3,Relli,SouthAsia,['ERR1395609'],ERS1358139,SAMEA3302714,
ERX1462735,,LP6005519-DNA_A04,Homo sapiens,K1,,Public human samples for simons_data,GSB-180,simons_data_ga4gh,9606,India,ERX1462735,17.7,83.3,Kapu,SouthAsia,['ERR1395608'],ERS1358138,SAMEA3302633,
ERX1462734,Genomic from cell lines,LP6005443-DNA_H11,Homo sapiens,mixa0105,female,Public human samples for simons_data,GSB-180,simons_data_ga4gh,9606,Mexico,ERX1462734,17,-97,Mixtec,America,['ERR1395607'],ERS1358137,SAMEA3302811,
ERX1462733,Genomic from saliva,LP6005443-DNA_H08,Homo sapiens,DNK05,male,Public human samples for simons_data,GSB-180,simons_data_ga4gh,9606,Sudan,ERX1462733,8.8,27.4,Dinka,Africa,['ERR1395606'],ERS1358136,SAMEA3302668,Aweil
ERX1462732,Genomic from cell lines,LP6005443-DNA_H07,Homo sapiens,HGDP00540,male,Public human samples for simons_data,GSB-180,simons_data_ga4gh,9606,PapuaNewGuinea,ERX1462732,-4,143,Papuan,Oceania,['ERR1395605'],ERS1358135,SAMEA3302871,NewGuinea
ERX1462731,Genomic from cell lines,LP6005443-DNA_H05,Homo sapiens,NA15728,male,Public human samples for simons_data,GSB-180,simons_data_ga4gh,9606,Czechoslovia(pre1989),ERX1462731,50.1,14.4,Czech,WestEurasia,['ERR1395604'],ERS1042121,SAMEA3302844,
ERX1462730,Genomic from cell lines,SS6004480,Homo sapiens,DNK07,male,Public human samples for simons_data,GSB-180,simons_data_ga4gh,9606,Sudan,ERX1462730,8.783333333,27.4,Dinka,Africa,['ERR1395603'],ERS1358134,SAMEA3302733,Aweil
ERX1462729,Genomic from cell lines,SS6004479,Homo sapiens,mixe0007,,Public human samples for simons_data,GSB-180,simons_data_ga4gh,9606,Mexico,ERX1462729,16.95,96.58,Mixe,America,['ERR1395602'],ERS1358133,SAMEA3302697,"Tmazulapan, Oaxaca"
ERX1462728,Genomic from cell lines,LP6005442-DNA_A09,Homo sapiens,IHW9118,female,Public human samples for simons_data,GSB-180,simons_data_ga4gh,9606,Australia,ERX1462728,-13,143,Australian,Oceania,['ERR1395601'],ERS1358132,SAMEA3302719,
ERX1462727,Genomic from cell lines,SS6004477,Homo sapiens,IHW9193,male,Public human samples for simons_data,GSB-180,simons_data_ga4gh,9606,Australia,ERX1462727,-13,143,Australian,Oceania,['ERR1395600'],ERS1358131,SAMEA3302681,
ERX1462726,Genomic from cell lines,SS6004476,Homo sapiens,HGDP01015,male,Public human samples for simons_data,GSB-180,simons_data_ga4gh,9606,Brazil,ERX1462726,-10,-63,Karitiana,America,['ERR1395599'],ERS1358130,SAMEA3302902,
ERX1462725,Genomic from cell lines,SS6004475,Homo sapiens,HGDP00936,male,Public human samples for simons_data,GSB-180,simons_data_ga4gh,9606,Nigeria,ERX1462725,7.4,3.9,Yoruba,Africa,['ERR1395598'],ERS1358129,SAMEA3302730,
ERX1462724,Genomic from cell lines,SS6004474,Homo sapiens,HGDP01076,male,Public human samples for simons_data,GSB-180,simons_data_ga4gh,9606,Italy,ERX1462724,40,9,Sardinian,WestEurasia,['ERR1395597'],ERS1358128,SAMEA3302876,
ERX1462723,Genomic from cell lines,SS6004473,Homo sapiens,HGDP01036,male,Public human samples for simons_data,GSB-180,simons_data_ga4gh,9606,Namibia,ERX1462723,-18.93725689,21.45244764,Ju_hoan_North,Africa,['ERR1395596'],ERS1358127,SAMEA3302894,
ERX1462722,Genomic from cell lines,SS6004472,Homo sapiens,HGDP00546,male,Public human samples for simons_data,GSB-180,simons_data_ga4gh,9606,PapuaNewGuinea,ERX1462722,-4,143,Papuan,Oceania,['ERR1395595'],ERS1358126,SAMEA3302650,
ERX1462721,Genomic from cell lines,SS6004471,Homo sapiens,HGDP00982,male,Public human samples for simons_data,GSB-180,simons_data_ga4gh,9606,Congo,ERX1462721,1,29,Mbuti,Africa,['ERR1395594'],ERS1358125,SAMEA3302833,
ERX1462720,Genomic from cell lines,SS6004470,Homo sapiens,HGDP01286,male,Public human samples for simons_data,GSB-180,simons_data_ga4gh,9606,Senegal,ERX1462720,12,-12,Mandenka,Africa,['ERR1395593'],ERS1358124,SAMEA3302736,
ERX1462719,Genomic from cell lines,SS6004469,Homo sapiens,HGDP00775,male,Public human samples for simons_data,GSB-180,simons_data_ga4gh,9606,China,ERX1462719,32.26566812,114,Han,EastAsia,['ERR1395592'],ERS1358123,SAMEA3302877,
ERX1462718,Genomic from blood,LP6005677-DNA_G01,Homo sapiens,Ayodo_430C,,Public human samples for simons_data,GSB-180,simons_data_ga4gh,9606,Kenya,ERX1462718,-0.1,34.3,Luo,Africa,['ERR1395591'],ERS1358122,SAMEA3302868,BondoDistrict
ERX1462717,Genomic from cell lines,LP6005677-DNA_F01,Homo sapiens,NA11201,female,Public human samples for simons_data,GSB-180,simons_data_ga4gh,9606,Peru,ERX1462717,-13.5,-72,Quechua,America,['ERR1395590'],ERS1358121,SAMEA3302896,
ERX1462716,Genomic from cell lines,LP6005677-DNA_E01,Homo sapiens,NA11200,male,Public human samples for simons_data,GSB-180,simons_data_ga4gh,9606,Peru,ERX1462716,-13.5,-72,Quechua,America,['ERR1395589'],ERS1358120,SAMEA3302848,
ERX1462715,Genomic from saliva,LP6005677-DNA_D03,Homo sapiens,SA0342,,Public human samples for simons_data,GSB-180,simons_data_ga4gh,9606,SouthAfrica,ERX1462715,-27,20.8,Khomani_San,Africa,['ERR1395588'],ERS1358119,SAMEA3302708,
ERX1462714,Genomic from blood,LP6005677-DNA_C03,Homo sapiens,Kayseri23827,male,Public human samples for simons_data,GSB-180,simons_data_ga4gh,9606,Turkey,ERX1462714,38.7,35.5,Turkish,WestEurasia,['ERR1395587'],ERS1358118,SAMEA3302750,Kayseri
ERX1462713,Genomic from blood,LP6005677-DNA_B02,Homo sapiens,Bishkek28440,male,Public human samples for simons_data,GSB-180,simons_data_ga4gh,9606,Kyrgyzystan,ERX1462713,42.9,74.6,Kyrgyz,CentralAsiaSiberia,['ERR1395586'],ERS1358117,SAMEA3302717,Bishkek
ERX1462712,Genomic from blood,LP6005677-DNA_B01,Homo sapiens,ALB212,,Public human samples for simons_data,GSB-180,simons_data_ga4gh,9606,Albania,ERX1462712,41.3,19.8,Albanian,WestEurasia,['ERR1395585'],ERS1358116,SAMEA3302780,Tirana
ERX1462711,Genomic from blood,LP6005677-DNA_A03,Homo sapiens,Kayseri24424,female,Public human samples for simons_data,GSB-180,simons_data_ga4gh,9606,Turkey,ERX1462711,38.7,35.5,Turkish,WestEurasia,['ERR1395584'],ERS1358115,SAMEA3302809,Kayseri
ERX1462710,Genomic from blood,LP6005677-DNA_A02,Homo sapiens,Bishkek28439,female,Public human samples for simons_data,GSB-180,simons_data_ga4gh,9606,Kyrgyzystan,ERX1462710,42.9,74.6,Kyrgyz,CentralAsiaSiberia,['ERR1395583'],ERS1358114,SAMEA3302768,Bishkek
ERX1462709,Genomic from blood,LP6005619-DNA_C01,Homo sapiens,SAH41,,Public human samples for simons_data,GSB-180,simons_data_ga4gh,9606,Western Sahara (Morocco),ERX1462709,27.3,-8.9,Saharawi,Africa,['ERR1395582'],ERS1358113,SAMEA3302694,Close to the Algerian border
ERX1462708,Genomic from blood,LP6005619-DNA_B01,Homo sapiens,SAH31,,Public human samples for simons_data,GSB-180,simons_data_ga4gh,9606,Western Sahara (Morocco),ERX1462708,27.3,-8.9,Saharawi,Africa,['ERR1395581'],ERS1358112,SAMEA3302857,Close to the Algerian border
ERX1462707,Genomic from cell lines,LP6005592-DNA_H03,Homo sapiens,NA17385,male,Public human samples for simons_data,GSB-180,simons_data_ga4gh,9606,USA,ERX1462707,21.3,-157.8,Hawaiian,Oceania,['ERR1395580'],ERS1358111,SAMEA3302908,
ERX1462706,Genomic from cell lines,LP6005592-DNA_H01,Homo sapiens,YemeniteJew4695,female,Public human samples for simons_data,GSB-180,simons_data_ga4gh,9606,Yemen,ERX1462706,15.4,44.2,Yemenite_Jew,WestEurasia,['ERR1395579'],ERS1358110,SAMEA3302634,
ERX1462705,Genomic from blood,LP6005592-DNA_G03,Homo sapiens,Jordan445,,Public human samples for simons_data,GSB-180,simons_data_ga4gh,9606,Jordan,ERX1462705,32.1,35.9,Jordanian,WestEurasia,['ERR1395578'],ERS1358109,SAMEA3302887,migrants_collected_in_Kuwait
ERX1462704,Genomic from blood,LP6005592-DNA_F03,Homo sapiens,Nlk1,female,Public human samples for simons_data,GSB-180,simons_data_ga4gh,9606,Russia,ERX1462704,57.53,135.88,Even,CentralAsiaSiberia,['ERR1395577'],ERS1358108,SAMEA3302715,"Djigda, Eastern Siberia"
ERX1462703,Genomic from cell lines,LP6005592-DNA_F01,Homo sapiens,IraqiJew1771,female,Public human samples for simons_data,GSB-180,simons_data_ga4gh,9606,Iraq,ERX1462703,33.3,44.4,Iraqi_Jew,WestEurasia,['ERR1395576'],ERS1358107,SAMEA3302747,
ERX1462702,Genomic from cell lines,LP6005592-DNA_E02,Homo sapiens,ND15865,male,Public human samples for simons_data,GSB-180,simons_data_ga4gh,9606,Poland,ERX1462702,52.2,21,Polish,WestEurasia,['ERR1395575'],ERS1358106,SAMEA3302699,
ERX1462701,Genomic from blood,LP6005592-DNA_D04,Homo sapiens,Sam02,,Public human samples for simons_data,GSB-180,simons_data_ga4gh,9606,Israel,ERX1462701,32.2,35.3,Samaritan,WestEurasia,['ERR1395574'],ERS1358105,SAMEA3302863,
ERX1462700,Genomic from cell lines,LP6005592-DNA_D03,Homo sapiens,HGDP01314,female,Public human samples for simons_data,GSB-180,simons_data_ga4gh,9606,China,ERX1462700,21,100,Dai,EastAsia,['ERR1395573'],ERS1358104,SAMEA3302827,
ERX1462699,Genomic from saliva,LP6005592-DNA_C05,Homo sapiens,SA0722,,Public human samples for simons_data,GSB-180,simons_data_ga4gh,9606,SouthAfrica,ERX1462699,-27,20.8,Khomani_San,Africa,['ERR1395572'],ERS1358103,SAMEA3302800,
ERX1462698,Genomic from cell lines,LP6005592-DNA_C03,Homo sapiens,HGDP00474,male,Public human samples for simons_data,GSB-180,simons_data_ga4gh,9606,Congo,ERX1462698,1,29,Mbuti,Africa,['ERR1395571'],ERS1358102,SAMEA3302769,
ERX1462697,Genomic from cell lines,LP6005592-DNA_C02,Homo sapiens,NA18940,male,Public human samples for simons_data,GSB-180,simons_data_ga4gh,9606,Japan,ERX1462697,38,138,Japanese,EastAsia,['ERR1395570'],ERS1358101,SAMEA3302852,Tokyo
ERX1462696,,LP6005592-DNA_C01,Homo sapiens,Utsa21,U,Public human samples for simons_data,GSB-180,simons_data_ga4gh,9606,Finland,ERX1462696,69.9,27,Saami,WestEurasia,['ERR1395569'],ERS1358100,SAMEA3302875,
ERX1462695,Genomic from cell lines,LP6005592-DNA_B04,Homo sapiens,HG02724,male,Public human samples for simons_data,GSB-180,simons_data_ga4gh,9606,Pakistan,ERX1462695,31.5,74.3,Punjabi,SouthAsia,['ERR1395568'],ERS1358099,SAMEA3302907,Lahore
ERX1462694,Genomic from cell lines,LP6005592-DNA_B03,Homo sapiens,HGDP00722,male,Public human samples for simons_data,GSB-180,simons_data_ga4gh,9606,Israel: (Central),ERX1462694,32,35,Palestinian,WestEurasia,['ERR1395567'],ERS1358098,SAMEA3302652,
ERX1462693,Genomic from cell lines,LP6005592-DNA_B02,Homo sapiens,NA17386,male,Public human samples for simons_data,GSB-180,simons_data_ga4gh,9606,New Zealand,ERX1462693,-41.3,174.5,Maori,Oceania,['ERR1395566'],ERS1358097,SAMEA3302905,
ERX1462692,Genomic_from_blood,LP6005592-DNA_B01,Homo sapiens,NOR111,U,Public human samples for simons_data,GSB-180,simons_data_ga4gh,9606,Norway,ERX1462692,60.4,5.4,Norwegian,WestEurasia,['ERR1395565'],ERS1358096,SAMEA3449879,Bergen
ERX1462691,Genomic from cell lines,LP6005592-DNA_A04,Homo sapiens,HG02494,female,Public human samples for simons_data,GSB-180,simons_data_ga4gh,9606,Pakistan,ERX1462691,31.5,74.3,Punjabi,SouthAsia,['ERR1395564'],ERS1358095,SAMEA3302799,Lahore
ERX1462690,Genomic from cell lines,LP6005592-DNA_A02,Homo sapiens,HG00360,male,Public human samples for simons_data,GSB-180,simons_data_ga4gh,9606,Finland,ERX1462690,60.2,24.9,Finnish,WestEurasia,['ERR1395563'],ERS1358094,SAMEA3302651,
ERX1462689,,LP6005519-DNA_H04,Homo sapiens,,,,,,9606,India,ERX1462689,17.7,83.3,Madiga,SouthAsia,['ERR1395562'],ERS1358093,SAMEA3302803,
ERX1462688,,LP6005519-DNA_H03,Homo sapiens,B17,,Public human samples for simons_data,GSB-180,simons_data_ga4gh,9606,India,ERX1462688,17.7,83.3,Brahmin,SouthAsia,['ERR1395561'],ERS1358092,SAMEA3302645,
ERX1462687,,LP6005519-DNA_G04,Homo sapiens,M4,,Public human samples for simons_data,GSB-180,simons_data_ga4gh,9606,India,ERX1462687,17.7,83.3,Madiga,SouthAsia,['ERR1395560'],ERS1358091,SAMEA3302834,
ERX1462686,,LP6005519-DNA_G03,Homo sapiens,B11,,Public human samples for simons_data,GSB-180,simons_data_ga4gh,9606,India,ERX1462686,17.7,83.3,Brahmin,SouthAsia,['ERR1395559'],ERS1358090,SAMEA3302829,
ERX1462685,,LP6005519-DNA_G02,Homo sapiens,Peru60,,Public human samples for simons_data,GSB-180,simons_data_ga4gh,9606,Peru,ERX1462685,-13.5,-72,Quechua,America,['ERR1395558'],ERS1358089,SAMEA3302709,
ERX1462684,Genomic from saliva,LP6005519-DNA_F06,Homo sapiens,Dus22,female,Public human samples for simons_data,GSB-180,simons_data_ga4gh,9606,Brunei,ERX1462684,4.7,114.7,Dusun,Oceania,['ERR1395557'],ERS1358088,SAMEA3302688,Tutong District
ERX1462683,,LP6005519-DNA_F04,Homo sapiens,,,,,,9606,India,ERX1462683,17.7,83.3,Mala,SouthAsia,['ERR1395556'],ERS1358087,SAMEA3302788,
ERX1462682,Genomic from blood,LP6005519-DNA_F03,Homo sapiens,Armenian222,,Public human samples for simons_data,GSB-180,simons_data_ga4gh,9606,Armenia,ERX1462682,40.2,44.5,Armenian,WestEurasia,['ERR1395555'],ERS1358086,SAMEA3302672,
ERX1462681,Genomic from saliva,LP6005519-DNA_E06,Homo sapiens,Dus16,,Public human samples for simons_data,GSB-180,simons_data_ga4gh,9606,Brunei,ERX1462681,4.7,114.7,Dusun,Oceania,['ERR1395554'],ERS1358085,SAMEA3302759,"Lamunin, Tutong District"
ERX1462680,,LP6005519-DNA_E05,Homo sapiens,KD4,,Public human samples for simons_data,GSB-180,simons_data_ga4gh,9606,India,ERX1462680,18.3,82.9,Khonda_Dora,SouthAsia,['ERR1395553'],ERS1358084,SAMEA3302861,
ERX1462679,,LP6005519-DNA_E04,Homo sapiens,,,,,,9606,India,ERX1462679,17.7,83.3,Mala,SouthAsia,['ERR1395552'],ERS1358083,SAMEA3302821,
ERX1462678,Genomic from saliva,LP6005519-DNA_D06,Homo sapiens,Igor21,male,Public human samples for simons_data,GSB-180,simons_data_ga4gh,9606,Philippines,ERX1462678,17.1,121,Igorot,Oceania,['ERR1395551'],ERS1358082,SAMEA3302696,"Mountain Province, Luzon Island (sampled in Singapore)"
ERX1462677,,LP6005519-DNA_D05,Homo sapiens,I3,,Public human samples for simons_data,GSB-180,simons_data_ga4gh,9606,India,ERX1462677,13.5,80,Irula,SouthAsia,['ERR1395550'],ERS1358081,SAMEA3302742,
ERX1462676,,LP6005519-DNA_D04,Homo sapiens,Y8,,Public human samples for simons_data,GSB-180,simons_data_ga4gh,9606,India,ERX1462676,17.7,83.3,Yadava,SouthAsia,['ERR1395549'],ERS1358080,SAMEA3302725,
ERX1462675,Genomic from blood,LP6005519-DNA_D03,Homo sapiens,tdj430_shugnan,,Public human samples for simons_data,GSB-180,simons_data_ga4gh,9606,Tajikistan,ERX1462675,37.6,71.5,Tajik,WestEurasia,['ERR1395548'],ERS1358079,SAMEA3302691,Shugnan
ERX1462674,Genomic from blood,LP6005519-DNA_D01,Homo sapiens,TGBS21,male,Public human samples for simons_data,GSB-180,simons_data_ga4gh,9606,Argentina,ERX1462674,-25,-60,Chane,America,['ERR1395547'],ERS1358078,SAMEA3302784,
ERX1462673,Genomic from saliva,LP6005519-DNA_C06,Homo sapiens,Igor20,female,Public human samples for simons_data,GSB-180,simons_data_ga4gh,9606,Philippines,ERX1462673,17.1,121,Igorot,Oceania,['ERR1395546'],ERS1358077,SAMEA3302724,"Mountain Province, Luzon Island (sampled in Singapore)"
ERX1462672,,LP6005519-DNA_C05,Homo sapiens,I1,,Public human samples for simons_data,GSB-180,simons_data_ga4gh,9606,India,ERX1462672,13.5,80,Irula,SouthAsia,['ERR1395545'],ERS1358076,SAMEA3302610,
ERX1418188,Genomic from blood,LP6005443-DNA_H03,Homo sapiens,Sir40,female,Public human samples for simons_data,GSB-180,simons_data_ga4gh,9606,Russia,ERX1418188,64.4,173.9,Eskimo_Sireniki,CentralAsiaSiberia,['ERR1347741'],ERS1255124,SAMEA3302641,"Sireniki, Chukchi Peninsula"
ERX1418187,Genomic from blood,LP6005443-DNA_H02,Homo sapiens,Ale20,female,Public human samples for simons_data,GSB-180,simons_data_ga4gh,9606,Russia,ERX1418187,55.18,166,Aleut,CentralAsiaSiberia,['ERR1347740'],ERS1255123,SAMEA3302642,"Nikolskoye, Commander Islands"
ERX1418186,Genomic from cell lines,LP6005443-DNA_H01,Homo sapiens,HGDP01350,male,Public human samples for simons_data,GSB-180,simons_data_ga4gh,9606,China,ERX1418186,36,101,Tu,EastAsia,['ERR1347739'],ERS1255122,SAMEA3302909,
ERX1418185,Genomic from cell lines,LP6005443-DNA_G11,Homo sapiens,mixa0099,male,Public human samples for simons_data,GSB-180,simons_data_ga4gh,9606,Mexico,ERX1418185,17,-97,Mixtec,America,['ERR1347738'],ERS1255121,SAMEA3302618,
ERX1418184,Genomic from cell lines,LP6005443-DNA_G08,Homo sapiens,HGDP00991,male,Public human samples for simons_data,GSB-180,simons_data_ga4gh,9606,Namibia,ERX1418184,-18.9,21.5,Ju_hoan_North,Africa,['ERR1347737'],ERS1255120,SAMEA3302858,
ERX1418183,Genomic from cell lines,LP6005443-DNA_G07,Homo sapiens,HGDP00556,male,Public human samples for simons_data,GSB-180,simons_data_ga4gh,9606,PapuaNewGuinea,ERX1418183,-4,143,Papuan,Oceania,['ERR1347736'],ERS1255119,SAMEA3302622,NewGuinea
ERX1418182,Genomic from cell lines,LP6005443-DNA_G05,Homo sapiens,NA13616,male,Public human samples for simons_data,GSB-180,simons_data_ga4gh,9606,Taiwan,ERX1418182,22.843145,121.185356,Ami,EastAsia,['ERR1347735'],ERS1255118,SAMEA3302623,
ERX1418181,Genomic from blood,LP6005443-DNA_G04,Homo sapiens,Mansi41,female,Public human samples for simons_data,GSB-180,simons_data_ga4gh,9606,Russia,ERX1418181,63.65,62.1,Mansi,CentralAsiaSiberia,['ERR1347734'],ERS1255117,SAMEA3302654,"Shugur, Western Siberia"
ERX1418180,Genomic from blood,LP6005443-DNA_G03,Homo sapiens,Nesk_25,female,Public human samples for simons_data,GSB-180,simons_data_ga4gh,9606,Russia,ERX1418180,66.02,169.71,Eskimo_Naukan,CentralAsiaSiberia,['ERR1347733'],ERS1255116,SAMEA3302856,"Big Diomide Island, Chukchi Peninsula"
ERX1418179,Genomic from cell lines,LP6005443-DNA_G02,Homo sapiens,HGDP01030,male,Public human samples for simons_data,GSB-180,simons_data_ga4gh,9606,BotswanaOrNamibia,ERX1418179,-28,24,BantuTswana,Africa,['ERR1347732'],ERS1255115,SAMEA3302630,
ERX1418178,Genomic from cell lines,LP6005443-DNA_G01,Homo sapiens,HGDP01335,female,Public human samples for simons_data,GSB-180,simons_data_ga4gh,9606,China,ERX1418178,27,119,She,EastAsia,['ERR1347731'],ERS1255114,SAMEA3302787,
ERX1418177,Genomic from cell lines,LP6005443-DNA_F11,Homo sapiens,mixe0042,female,Public human samples for simons_data,GSB-180,simons_data_ga4gh,9606,Mexico,ERX1418177,16.95,96.58,Mixe,America,['ERR1347730'],ERS1255113,SAMEA3302723,"Tmazulapan, Oaxaca"
ERX1418176,Genomic from blood,LP6005443-DNA_F10,Homo sapiens,NorthOssetia5,male,Public human samples for simons_data,GSB-180,simons_data_ga4gh,9606,Russia,ERX1418176,43,44.7,North_Ossetian,WestEurasia,['ERR1347729'],ERS1255112,SAMEA3302698,Vladikavkaz_in_Republic_of_North_Ossetia_Alania
ERX1418175,Genomic from cell lines,LP6005443-DNA_F08,Homo sapiens,HGDP00551,male,Public human samples for simons_data,GSB-180,simons_data_ga4gh,9606,PapuaNewGuinea,ERX1418175,-4,143,Papuan,Oceania,['ERR1347728'],ERS1255111,SAMEA3302721,NewGuinea
ERX1418174,Genomic from cell lines,LP6005443-DNA_F07,Homo sapiens,HGDP00548,male,Public human samples for simons_data,GSB-180,simons_data_ga4gh,9606,PapuaNewGuinea,ERX1418174,-4,143,Papuan,Oceania,['ERR1347727'],ERS1255110,SAMEA3302704,NewGuinea
ERX1418173,Genomic from cell lines,LP6005443-DNA_F06,Homo sapiens,NA21490,male,Public human samples for simons_data,GSB-180,simons_data_ga4gh,9606,Kenya,ERX1418173,-1.5,35.2,Masai,Africa,['ERR1347726'],ERS1255109,SAMEA3302814,Kinyawa
ERX1418172,Genomic from blood,LP6005443-DNA_F04,Homo sapiens,Mansi79,male,Public human samples for simons_data,GSB-180,simons_data_ga4gh,9606,Russia,ERX1418172,63.8,61.45,Mansi,CentralAsiaSiberia,['ERR1347725'],ERS1255108,SAMEA3302762,"Sos'va river, Western Siberia"
ERX1418171,Genomic from blood,LP6005443-DNA_F03,Homo sapiens,Nesk_22,female,Public human samples for simons_data,GSB-180,simons_data_ga4gh,9606,Russia,ERX1418171,66.02,169.71,Eskimo_Naukan,CentralAsiaSiberia,['ERR1347724'],ERS1255107,SAMEA3302831,"Naukan, Chukchi Peninsula"
ERX1418170,Genomic from cell lines,LP6005443-DNA_F02,Homo sapiens,HGDP01034,male,Public human samples for simons_data,GSB-180,simons_data_ga4gh,9606,BotswanaOrNamibia,ERX1418170,-28,24,BantuTswana,Africa,['ERR1347723'],ERS1042125,SAMEA3302849,
ERX1418169,Genomic from cell lines,LP6005443-DNA_F01,Homo sapiens,HGDP01333,male,Public human samples for simons_data,GSB-180,simons_data_ga4gh,9606,China,ERX1418169,27,119,She,EastAsia,['ERR1347722'],ERS1255106,SAMEA3302817,
ERX1418168,Genomic from cell lines,LP6005443-DNA_E11,Homo sapiens,mixe0002,female,Public human samples for simons_data,GSB-180,simons_data_ga4gh,9606,Mexico,ERX1418168,16.95,96.58,Mixe,America,['ERR1347721'],ERS1255105,SAMEA3302796,"Tmazulapan, Oaxaca"
ERX1418167,Genomic from blood,LP6005443-DNA_E10,Homo sapiens,NorthOssetia12,male,Public human samples for simons_data,GSB-180,simons_data_ga4gh,9606,Russia,ERX1418167,43,44.7,North_Ossetian,WestEurasia,['ERR1347720'],ERS1255104,SAMEA3302797,Vladikavkaz_in_Republic_of_North_Ossetia_Alania
ERX1418166,Genomic from cell lines,LP6005443-DNA_E09,Homo sapiens,HGDP01338,male,Public human samples for simons_data,GSB-180,simons_data_ga4gh,9606,China,ERX1418166,26,100,Naxi,EastAsia,['ERR1347719'],ERS1255103,SAMEA3302888,
ERX1418165,Genomic from cell lines,LP6005443-DNA_E08,Homo sapiens,HGDP00554,female,Public human samples for simons_data,GSB-180,simons_data_ga4gh,9606,PapuaNewGuinea,ERX1418165,-4,143,Papuan,Oceania,['ERR1347718'],ERS1255102,SAMEA3302746,NewGuinea
ERX1418164,Genomic from cell lines,LP6005443-DNA_E07,Homo sapiens,HGDP00543,male,Public human samples for simons_data,GSB-180,simons_data_ga4gh,9606,PapuaNewGuinea,ERX1418164,-4,143,Papuan,Oceania,['ERR1347717'],ERS1255101,SAMEA3302626,NewGuinea
ERX1418163,Genomic from cell lines,LP6005443-DNA_E06,Homo sapiens,NA21581,male,Public human samples for simons_data,GSB-180,simons_data_ga4gh,9606,Kenya,ERX1418163,-1.5,35.2,Masai,Africa,['ERR1347716'],ERS1255100,SAMEA3302687,Kinyawa
ERX1418162,Genomic from blood,LP6005443-DNA_E05,Homo sapiens,Ale32,male,Public human samples for simons_data,GSB-180,simons_data_ga4gh,9606,Russia,ERX1418162,53,158.65,Tlingit,CentralAsiaSiberia,['ERR1347715'],ERS1255099,SAMEA3302853,"Petropavlovsk-Kamchatski, Commander Islands"
ERX1418161,Genomic from cell lines,LP6005443-DNA_E02,Homo sapiens,HGDP01028,male,Public human samples for simons_data,GSB-180,simons_data_ga4gh,9606,BotswanaOrNamibia,ERX1418161,-22,19,BantuHerero,Africa,['ERR1347714'],ERS1255098,SAMEA3302727,
ERX1418160,Genomic from cell lines,LP6005443-DNA_E01,Homo sapiens,HGDP01320,male,Public human samples for simons_data,GSB-180,simons_data_ga4gh,9606,China,ERX1418160,22,100,Lahu,EastAsia,['ERR1347713'],ERS1255097,SAMEA3302832,
ERX1418159,Genomic from saliva,LP6005443-DNA_D09,Homo sapiens,Kusunda15,male,Public human samples for simons_data,GSB-180,simons_data_ga4gh,9606,Nepal,ERX1418159,28.07245287,84.259486,Kusunda,SouthAsia,['ERR1347712'],ERS1255096,SAMEA3302911,"Damauli, Tanahu"
ERX1418158,Genomic from cell lines,LP6005443-DNA_D08,Homo sapiens,HGDP00552,female,Public human samples for simons_data,GSB-180,simons_data_ga4gh,9606,PapuaNewGuinea,ERX1418158,-4,143,Papuan,Oceania,['ERR1347711'],ERS1255095,SAMEA3302700,NewGuinea
ERX1418157,Genomic from cell lines,LP6005443-DNA_D07,Homo sapiens,HGDP00545,male,Public human samples for simons_data,GSB-180,simons_data_ga4gh,9606,PapuaNewGuinea,ERX1418157,-4,143,Papuan,Oceania,['ERR1347710'],ERS1255094,SAMEA3302657,NewGuinea
ERX1418156,Genomic from cell lines,LP6005443-DNA_D06,Homo sapiens,ND19394,male,Public human samples for simons_data,GSB-180,simons_data_ga4gh,9606,Korea,ERX1418156,37.6,127,Korean,EastAsia,['ERR1347709'],ERS1255093,SAMEA3302778,
ERX1418155,Genomic from blood,LP6005443-DNA_D05,Homo sapiens,Ale14,female,Public human samples for simons_data,GSB-180,simons_data_ga4gh,9606,Russia,ERX1418155,55.18,166,Tlingit,CentralAsiaSiberia,['ERR1347708'],ERS1255092,SAMEA3302889,"Nikolskoye, Commander Islands"
ERX1418154,Genomic from blood,LP6005443-DNA_D04,Homo sapiens,Kor82,female,Public human samples for simons_data,GSB-180,simons_data_ga4gh,9606,Russia,ERX1418154,57,157,Itelman,CentralAsiaSiberia,['ERR1347707'],ERS1255091,SAMEA3302806,"Kovran, Kamchatka"
ERX1418153,Genomic from blood,LP6005443-DNA_D03,Homo sapiens,Esk29,male,Public human samples for simons_data,GSB-180,simons_data_ga4gh,9606,Russia,ERX1418153,64.48,172.86,Eskimo_Chaplin,CentralAsiaSiberia,['ERR1347706'],ERS1255090,SAMEA3302660,"New Chaplino, Chukchi Peninsula"
ERX1418152,Genomic from cell lines,LP6005443-DNA_D02,Homo sapiens,HGDP00951,male,Public human samples for simons_data,GSB-180,simons_data_ga4gh,9606,Russia,ERX1418152,63,129.5,Yakut,CentralAsiaSiberia,['ERR1347705'],ERS1255089,SAMEA3302802,
ERX1418151,Genomic from cell lines,LP6005443-DNA_D01,Homo sapiens,HGDP00569,female,Public human samples for simons_data,GSB-180,simons_data_ga4gh,9606,Israel: (Carmel),ERX1418151,32,35,Druze,WestEurasia,['ERR1347704'],ERS1255088,SAMEA3302739,
ERX1418150,Genomic from saliva,LP6005443-DNA_C09,Homo sapiens,Kusunda02,male,Public human samples for simons_data,GSB-180,simons_data_ga4gh,9606,Nepal,ERX1418150,28.07245287,82.48778,Kusunda,SouthAsia,['ERR1347703'],ERS1255087,SAMEA3302819,"Ghorahi, Dang"
ERX1418149,Genomic from cell lines,LP6005443-DNA_C08,Homo sapiens,HGDP00547,male,Public human samples for simons_data,GSB-180,simons_data_ga4gh,9606,PapuaNewGuinea,ERX1418149,-4,143,Papuan,Oceania,['ERR1347702'],ERS1255086,SAMEA3302671,NewGuinea
ERX1418148,Genomic from cell lines,LP6005443-DNA_C07,Homo sapiens,HGDP00555,male,Public human samples for simons_data,GSB-180,simons_data_ga4gh,9606,PapuaNewGuinea,ERX1418148,-4,143,Papuan,Oceania,['ERR1347701'],ERS1255085,SAMEA3302643,NewGuinea
ERX1418147,Genomic from cell lines,LP6005443-DNA_C06,Homo sapiens,NA00726,female,Public human samples for simons_data,GSB-180,simons_data_ga4gh,9606,Korea,ERX1418147,37.6,127,Korean,EastAsia,['ERR1347700'],ERS1255084,SAMEA3302891,
ERX1418146,Genomic from blood,LP6005443-DNA_C04,Homo sapiens,Nlk18,male,Public human samples for simons_data,GSB-180,simons_data_ga4gh,9606,Russia,ERX1418146,57.53,135.88,Even,CentralAsiaSiberia,['ERR1347699'],ERS1255083,SAMEA3302752,"Djigda, Eastern Siberia"
ERX1418145,Genomic from blood,LP6005443-DNA_C03,Homo sapiens,Sir19,male,Public human samples for simons_data,GSB-180,simons_data_ga4gh,9606,Russia,ERX1418145,69,169,Chukchi,CentralAsiaSiberia,['ERR1347698'],ERS1255082,SAMEA3302734,"Sireniki, Chukchi Peninsula"
ERX1418144,Genomic from cell lines,LP6005443-DNA_C02,Homo sapiens,HGDP01246,male,Public human samples for simons_data,GSB-180,simons_data_ga4gh,9606,China,ERX1418144,43.5,81.5,Xibo,EastAsia,['ERR1347697'],ERS1255081,SAMEA3302648,
ERX1418142,Genomic from blood,LP6005443-DNA_B10,Homo sapiens,iran11,male,Public human samples for simons_data,GSB-180,simons_data_ga4gh,9606,Iran,ERX1418142,35.6,51.5,Iranian,WestEurasia,['ERR1347695'],ERS1255079,SAMEA3302612,migrants_collected_in_Kuwait
ERX1418141,Genomic from saliva,LP6005443-DNA_B09,Homo sapiens,DNK11,male,Public human samples for simons_data,GSB-180,simons_data_ga4gh,9606,Sudan,ERX1418141,8.8,27.4,Dinka,Africa,['ERR1347694'],ERS1255078,SAMEA3302792,Aweil
ERX1418140,Genomic from cell lines,LP6005443-DNA_B08,Homo sapiens,HGDP00553,male,Public human samples for simons_data,GSB-180,simons_data_ga4gh,9606,PapuaNewGuinea,ERX1418140,-4,143,Papuan,Oceania,['ERR1347693'],ERS1255077,SAMEA3302772,NewGuinea
ERX1418139,Genomic from cell lines,LP6005443-DNA_B07,Homo sapiens,CHI-034,female,Public human samples for simons_data,GSB-180,simons_data_ga4gh,9606,Thailand,ERX1418139,13.8,100.5,Thai,EastAsia,['ERR1347692'],ERS1255076,SAMEA3302826,
ERX1418138,Genomic from cell lines,LP6005443-DNA_B06,Homo sapiens,NA15763,female,Public human samples for simons_data,GSB-180,simons_data_ga4gh,9606,Iceland,ERX1418138,64.1,-21.9,Icelandic,WestEurasia,['ERR1347691'],ERS1255075,SAMEA3302859,
ERX1418137,Genomic from blood,LP6005443-DNA_B04,Homo sapiens,Nlk3,female,Public human samples for simons_data,GSB-180,simons_data_ga4gh,9606,Russia,ERX1418137,57.53,135.88,Even,CentralAsiaSiberia,['ERR1347690'],ERS1255074,SAMEA3302720,"Djigda, Eastern Siberia"
ERX1418136,Genomic from blood,LP6005443-DNA_B03,Homo sapiens,Sir26,male,Public human samples for simons_data,GSB-180,simons_data_ga4gh,9606,Russia,ERX1418136,64.4,173.9,Eskimo_Sireniki,CentralAsiaSiberia,['ERR1347689'],ERS1255073,SAMEA3302670,"Sireniki, Chukchi Peninsula"
ERX1418135,Genomic from cell lines,LP6005443-DNA_B02,Homo sapiens,HGDP01297,male,Public human samples for simons_data,GSB-180,simons_data_ga4gh,9606,China,ERX1418135,44,81,Uygur,EastAsia,['ERR1347688'],ERS1255072,SAMEA3302818,Yili
ERX1418134,Genomic from cell lines,LP6005443-DNA_B01,Homo sapiens,HGDP01312,male,Public human samples for simons_data,GSB-180,simons_data_ga4gh,9606,China,ERX1418134,21,100,Dai,EastAsia,['ERR1347687'],ERS1255071,SAMEA3302864,
ERX1418133,Genomic from cell lines,LP6005443-DNA_A12,Homo sapiens,zapo0098,male,Public human samples for simons_data,GSB-180,simons_data_ga4gh,9606,Mexico,ERX1418133,16.5,-97.2,Zapotec,America,['ERR1347686'],ERS1255070,SAMEA3302744,
ERX1418132,Genomic from cell lines,LP6005443-DNA_A08,Homo sapiens,HGDP00549,male,Public human samples for simons_data,GSB-180,simons_data_ga4gh,9606,PapuaNewGuinea,ERX1418132,-4,143,Papuan,Oceania,['ERR1347685'],ERS1255069,SAMEA3302726,NewGuinea
ERX1418131,Genomic from cell lines,LP6005443-DNA_A07,Homo sapiens,CHI-007,male,Public human samples for simons_data,GSB-180,simons_data_ga4gh,9606,Thailand,ERX1418131,13.8,100.5,Thai,EastAsia,['ERR1347684'],ERS1255068,SAMEA3302663,
ERX1418130,Genomic from cell lines,LP6005443-DNA_A06,Homo sapiens,NA17374,male,Public human samples for simons_data,GSB-180,simons_data_ga4gh,9606,Greece,ERX1418130,38,23.7,Greek,WestEurasia,['ERR1347683'],ERS1255067,SAMEA3302763,
ERX1418129,Genomic from blood,LP6005443-DNA_A03,Homo sapiens,Ale22,male,Public human samples for simons_data,GSB-180,simons_data_ga4gh,9606,Russia,ERX1418129,55.18,166,Aleut,CentralAsiaSiberia,['ERR1347682'],ERS1255066,SAMEA3302773,"Nikolskoye, Commander Islands"
ERX1418128,Genomic from cell lines,LP6005443-DNA_A02,Homo sapiens,HGDP01095,male,Public human samples for simons_data,GSB-180,simons_data_ga4gh,9606,China,ERX1418128,29,109,Tujia,EastAsia,['ERR1347681'],ERS1255065,SAMEA3302878,
ERX1418127,Genomic from cell lines,LP6005443-DNA_A01,Homo sapiens,HGDP01417,male,Public human samples for simons_data,GSB-180,simons_data_ga4gh,9606,Kenya,ERX1418127,-3,37,BantuKenya,Africa,['ERR1347680'],ERS1255064,SAMEA3302737,
ERX1418126,Genomic from blood,LP6005442-DNA_H12,Homo sapiens,Ul31,female,Public human samples for simons_data,GSB-180,simons_data_ga4gh,9606,Russia,ERX1418126,52.43,140.42,Ulchi,CentralAsiaSiberia,['ERR1347679'],ERS1255063,SAMEA3302862,"Nizhniy Gavan, Lower Amur"
ERX1418125,Genomic from cell lines,LP6005442-DNA_H11,Homo sapiens,HG03085,female,Public human samples for simons_data,GSB-180,simons_data_ga4gh,9606,SierraLeone,ERX1418125,8.5,-13.2,Mende,Africa,['ERR1347678'],ERS1255062,SAMEA3302748,
ERX1418124,Genomic from cell lines,LP6005442-DNA_H10,Homo sapiens,HG02574,female,Public human samples for simons_data,GSB-180,simons_data_ga4gh,9606,Gambia,ERX1418124,13.4,16.7,Gambian,Africa,['ERR1347677'],ERS1255061,SAMEA3302886,Western District
ERX1418123,Genomic from cell lines,LP6005442-DNA_H09,Homo sapiens,HG03007,female,Public human samples for simons_data,GSB-180,simons_data_ga4gh,9606,Bangladesh,ERX1418123,23.7,90.4,Bengali,SouthAsia,['ERR1347676'],ERS1255060,SAMEA3302774,
ERX1418122,Genomic from blood,LP6005442-DNA_H04,Homo sapiens,lez49,male,Public human samples for simons_data,GSB-180,simons_data_ga4gh,9606,Russia,ERX1418122,42.1,48.2,Lezgin,WestEurasia,['ERR1347675'],ERS1255059,SAMEA3302664,Dagestanskiye_Ogni_in_Dagestan
ERX1418121,Genomic from blood,LP6005442-DNA_H03,Homo sapiens,Est375,male,Public human samples for simons_data,GSB-180,simons_data_ga4gh,9606,Estonia,ERX1418121,58.5,24.9,Estonian,WestEurasia,['ERR1347674'],ERS1255058,SAMEA3302735,"Parnu, Avinurme, Viljandi, Talinn"
ERX1418120,Genomic from cell lines,LP6005442-DNA_H01,Homo sapiens,HGDP01188,female,Public human samples for simons_data,GSB-180,simons_data_ga4gh,9606,China,ERX1418120,28,103,Yi,EastAsia,['ERR1347673'],ERS1255057,SAMEA3302793,
ERX1418119,Genomic from blood,LP6005442-DNA_G12,Homo sapiens,Ul5,female,Public human samples for simons_data,GSB-180,simons_data_ga4gh,9606,Russia,ERX1418119,52.37,140.45,Ulchi,CentralAsiaSiberia,['ERR1347672'],ERS1255056,SAMEA3302703,"Bogorodskoe, Lower Amur"
ERX1418118,Genomic from cell lines,LP6005442-DNA_G11,Homo sapiens,HG03078,male,Public human samples for simons_data,GSB-180,simons_data_ga4gh,9606,SierraLeone,ERX1418118,8.5,-13.2,Mende,Africa,['ERR1347671'],ERS1255055,SAMEA3302647,
ERX1418117,Genomic from cell lines,LP6005442-DNA_G10,Homo sapiens,HG02464,male,Public human samples for simons_data,GSB-180,simons_data_ga4gh,9606,Gambia,ERX1418117,13.4,16.7,Gambian,Africa,['ERR1347670'],ERS1255054,SAMEA3302631,Western District
ERX1418116,Genomic from cell lines,LP6005442-DNA_G09,Homo sapiens,HG03006,male,Public human samples for simons_data,GSB-180,simons_data_ga4gh,9606,Bangladesh,ERX1418116,23.7,90.4,Bengali,SouthAsia,['ERR1347669'],ERS1255053,SAMEA3302741,
ERX1418115,Genomic from cell lines,LP6005442-DNA_G07,Homo sapiens,NA17377,male,Public human samples for simons_data,GSB-180,simons_data_ga4gh,9606,Greece,ERX1418115,38,23.7,Greek,WestEurasia,['ERR1347668'],ERS1255052,SAMEA3302732,
ERX1418114,Genomic from blood,LP6005442-DNA_G04,Homo sapiens,lez42,male,Public human samples for simons_data,GSB-180,simons_data_ga4gh,9606,Russia,ERX1418114,42.1,48.2,Lezgin,WestEurasia,['ERR1347667'],ERS1255051,SAMEA3302843,Dagestanskiye_Ogni_in_Dagestan
ERX1418113,Genomic from blood,LP6005442-DNA_G03,Homo sapiens,Est400,male,Public human samples for simons_data,GSB-180,simons_data_ga4gh,9606,Estonia,ERX1418113,58.5,24.9,Estonian,WestEurasia,['ERR1347666'],ERS1255050,SAMEA3302679,"Parnu, Avinurme, Viljandi, Talinn"
ERX1418112,Genomic from blood,LP6005442-DNA_G02,Homo sapiens,armenia293,male,Public human samples for simons_data,GSB-180,simons_data_ga4gh,9606,Armenia,ERX1418112,40.2,44.5,Armenian,WestEurasia,['ERR1347665'],ERS1255049,SAMEA3302624,Yerevan
ERX1418111,Genomic from cell lines,LP6005442-DNA_G01,Homo sapiens,HGDP01179,male,Public human samples for simons_data,GSB-180,simons_data_ga4gh,9606,China,ERX1418111,28,103,Yi,EastAsia,['ERR1347664'],ERS1255048,SAMEA3302615,
ERX1418110,Genomic from blood,LP6005442-DNA_F12,Homo sapiens,Tuba19,female,Public human samples for simons_data,GSB-180,simons_data_ga4gh,9606,Russia,ERX1418110,51.13333333,87,Tubalar,CentralAsiaSiberia,['ERR1347663'],ERS1255047,SAMEA3302764,"Artybash and Kebezen, Altai-Sayan Upland"
ERX1418109,Genomic from cell lines,LP6005442-DNA_F11,Homo sapiens,NA19023,female,Public human samples for simons_data,GSB-180,simons_data_ga4gh,9606,Kenya,ERX1418109,1.3,36.8,Luhya,Africa,['ERR1347662'],ERS1255046,SAMEA3302873,Webuye
ERX1418108,Genomic from cell lines,LP6005442-DNA_F10,Homo sapiens,HG00128,female,Public human samples for simons_data,GSB-180,simons_data_ga4gh,9606,United Kingdom: England,ERX1418108,51.2,0.7,English,WestEurasia,['ERR1347661'],ERS1255045,SAMEA3302676,Kent
ERX1418107,Genomic from blood,LP6005442-DNA_F09,Homo sapiens,Ayodo_502C,female,Public human samples for simons_data,GSB-180,simons_data_ga4gh,9606,Kenya,ERX1418107,-0.1,34.3,Luo,Africa,['ERR1347660'],ERS1255044,SAMEA3302810,BondoDistrict
ERX1418106,Genomic from blood,LP6005442-DNA_F04,Homo sapiens,Jordan603,male,Public human samples for simons_data,GSB-180,simons_data_ga4gh,9606,Jordan,ERX1418106,32.1,35.9,Jordanian,WestEurasia,['ERR1347659'],ERS1255043,SAMEA3302675,migrants_collected_in_Kuwait
ERX1418105,Genomic from cell lines,LP6005442-DNA_F01,Homo sapiens,HGDP00956,female,Public human samples for simons_data,GSB-180,simons_data_ga4gh,9606,Russia,ERX1418105,63,129.5,Yakut,CentralAsiaSiberia,['ERR1347658'],ERS1255042,SAMEA3302706,
ERX1418104,Genomic from blood,LP6005442-DNA_E12,Homo sapiens,Tuba9,female,Public human samples for simons_data,GSB-180,simons_data_ga4gh,9606,Russia,ERX1418104,51.13333333,87,Tubalar,CentralAsiaSiberia,['ERR1347657'],ERS1255041,SAMEA3302781,"Artybash and Kebezen, Altai-Sayan Upland"
ERX1104534,Genomic from cell lines,LP6005442-DNA_B12,Homo sapiens,HG02790,female,Public human samples for simons_data,GSB-180,simons_data_ga4gh,9606,Pakistan,ERX1104534,31.5,74.3,Punjabi,SouthAsia,"['ERR1025664', 'ERR1419185']",ERS1042290,SAMEA3302885,Lahore
ERX1104533,Genomic from cell lines,LP6005442-DNA_A12,Homo sapiens,HG02783,male,Public human samples for simons_data,GSB-180,simons_data_ga4gh,9606,Pakistan,ERX1104533,31.5,74.3,Punjabi,SouthAsia,"['ERR1025663', 'ERR1419177']",ERS1042289,SAMEA3302789,Lahore
ERX1104532,Genomic from cell lines,LP6005441-DNA_G09,Homo sapiens,HGDP00725,,Public human samples for simons_data,GSB-180,simons_data_ga4gh,9606,Israel: (Central),ERX1104532,32,35,Palestinian,WestEurasia,"['ERR1025662', 'ERR1419157']",ERS1042288,SAMEA3302646,
ERX1104531,Genomic from blood,LP6005442-DNA_E04,Homo sapiens,Jordan214,male,Public human samples for simons_data,GSB-180,simons_data_ga4gh,9606,Jordan,ERX1104531,32.1,35.9,Jordanian,WestEurasia,"['ERR1025661', 'ERR1419197']",ERS1042287,SAMEA3302729,migrants_collected_in_Kuwait
ERX1104530,Genomic from cell lines,LP6005442-DNA_C10,Homo sapiens,HG00190,male,Public human samples for simons_data,GSB-180,simons_data_ga4gh,9606,Finland,ERX1104530,60.2,24.9,Finnish,WestEurasia,"['ERR1025660', 'ERR1346534', 'ERR1625859']",ERS1042286,SAMEA3302751,
ERX1104529,Genomic from cell lines,LP6005442-DNA_D10,Homo sapiens,HG00174,female,Public human samples for simons_data,GSB-180,simons_data_ga4gh,9606,Finland,ERX1104529,60.2,24.9,Finnish,WestEurasia,"['ERR1025659', 'ERR1419195']",ERS1042285,SAMEA3302711,
ERX1104528,Genomic from cell lines,LP6005442-DNA_A02,Homo sapiens,HGDP00932,male,Public human samples for simons_data,GSB-180,simons_data_ga4gh,9606,Nigeria,ERX1104528,7.4,3.9,Yoruba,Africa,"['ERR1025658', 'ERR1419171']",ERS1042284,SAMEA3302632,
ERX1104527,Genomic from cell lines,LP6005442-DNA_B02,Homo sapiens,HGDP00928,female,Public human samples for simons_data,GSB-180,simons_data_ga4gh,9606,Nigeria,ERX1104527,7.4,3.9,Yoruba,Africa,"['ERR1025657', 'ERR1419179']",ERS1042283,SAMEA3302835,
ERX1104526,Genomic from cell lines,LP6005442-DNA_D01,Homo sapiens,HGDP01250,male,Public human samples for simons_data,GSB-180,simons_data_ga4gh,9606,China,ERX1104526,43.5,81.5,Xibo,EastAsia,"['ERR1025656', 'ERR1419190']",ERS1042282,SAMEA3302755,
ERX1104525,Genomic from cell lines,LP6005442-DNA_B01,Homo sapiens,HGDP01306,female,Public human samples for simons_data,GSB-180,simons_data_ga4gh,9606,China,ERX1104525,44,81,Uygur,EastAsia,"['ERR1025655', 'ERR1419178']",ERS1042281,SAMEA3302611,Yili
ERX1104524,Genomic from cell lines,LP6005441-DNA_G12,Homo sapiens,HGDP01163,male,Public human samples for simons_data,GSB-180,simons_data_ga4gh,9606,Italy: (Tuscany),ERX1104524,43,11,Tuscan,WestEurasia,"['ERR1025654', 'ERR1419160']",ERS1042280,SAMEA3302758,
ERX1104523,Genomic from cell lines,LP6005441-DNA_H12,Homo sapiens,HGDP01168,female,Public human samples for simons_data,GSB-180,simons_data_ga4gh,9606,Italy: (Tuscany),ERX1104523,43,11,Tuscan,WestEurasia,"['ERR1025653', 'ERR1419170']",ERS1042279,SAMEA3302684,
ERX1104522,Genomic from cell lines,LP6005441-DNA_F12,Homo sapiens,HGDP01098,female,Public human samples for simons_data,GSB-180,simons_data_ga4gh,9606,China,ERX1104522,29,109,Tujia,EastAsia,"['ERR1025652', 'ERR1419149']",ERS1042278,SAMEA3302665,
ERX1104521,Genomic from cell lines,LP6005442-DNA_B11,Homo sapiens,HG01504,female,Public human samples for simons_data,GSB-180,simons_data_ga4gh,9606,Spain,ERX1104521,39.9,-4,Spanish,WestEurasia,"['ERR1025651', 'ERR1419184']",ERS1042277,SAMEA3302640,Castilla_la_Mancha
ERX1104520,Genomic from cell lines,LP6005442-DNA_A11,Homo sapiens,HG01503,male,Public human samples for simons_data,GSB-180,simons_data_ga4gh,9606,Spain,ERX1104520,39.9,-4,Spanish,WestEurasia,"['ERR1025650', 'ERR1419176']",ERS1042276,SAMEA3302883,Castilla_la_Mancha
ERX1104519,Genomic from cell lines,LP6005441-DNA_H11,Homo sapiens,HGDP00195,female,Public human samples for simons_data,GSB-180,simons_data_ga4gh,9606,Pakistan,ERX1104519,25.5,69,Sindhi,SouthAsia,"['ERR1025649', 'ERR1419169']",ERS1042275,SAMEA3302685,
ERX1104518,Genomic from cell lines,LP6005441-DNA_G11,Homo sapiens,HGDP00208,male,Public human samples for simons_data,GSB-180,simons_data_ga4gh,9606,Pakistan,ERX1104518,25.5,69,Sindhi,SouthAsia,"['ERR1025648', 'ERR1419159']",ERS1042274,SAMEA3302815,
ERX1104517,Genomic from cell lines,LP6005441-DNA_F09,Homo sapiens,HGDP01211,female,Public human samples for simons_data,GSB-180,simons_data_ga4gh,9606,China,ERX1104517,50.4,126.5,Oroqen,EastAsia,"['ERR1025647', 'ERR1419147']",ERS1042273,SAMEA3302614,
ERX1104516,Genomic from cell lines,LP6005441-DNA_E09,Homo sapiens,HGDP01203,male,Public human samples for simons_data,GSB-180,simons_data_ga4gh,9606,China,ERX1104516,50.4,126.5,Oroqen,EastAsia,"['ERR1025646', 'ERR1419138']",ERS1042272,SAMEA3302893,
ERX1104515,Genomic from cell lines,LP6005441-DNA_F08,Homo sapiens,HGDP01223,female,Public human samples for simons_data,GSB-180,simons_data_ga4gh,9606,China,ERX1104515,45,111,Mongola,CentralAsiaSiberia,"['ERR1025645', 'ERR1419146']",ERS1042271,SAMEA3302743,
ERX1104514,Genomic from cell lines,LP6005441-DNA_E08,Homo sapiens,HGDP01228,male,Public human samples for simons_data,GSB-180,simons_data_ga4gh,9606,China,ERX1104514,45,111,Mongola,CentralAsiaSiberia,"['ERR1025644', 'ERR1419137']",ERS1042270,SAMEA3302653,
ERX1104513,Genomic from cell lines,LP6005441-DNA_H07,Homo sapiens,HGDP00857,female,Public human samples for simons_data,GSB-180,simons_data_ga4gh,9606,Mexico,ERX1104513,19,-91,Mayan,America,"['ERR1025643', 'ERR1419165']",ERS1042269,SAMEA3302904,
ERX1104512,Genomic from cell lines,LP6005441-DNA_G07,Homo sapiens,HGDP00855,female,Public human samples for simons_data,GSB-180,simons_data_ga4gh,9606,Mexico,ERX1104512,19,-91,Mayan,America,"['ERR1025642', 'ERR1419155']",ERS1042268,SAMEA3302866,
ERX1104511,Genomic from cell lines,LP6005441-DNA_F07,Homo sapiens,HGDP00915,female,Public human samples for simons_data,GSB-180,simons_data_ga4gh,9606,Senegal,ERX1104511,12,-12,Mandenka,Africa,"['ERR1025641', 'ERR1419145']",ERS1042267,SAMEA3302850,
ERX1104510,Genomic from cell lines,LP6005441-DNA_E07,Homo sapiens,HGDP01199,male,Public human samples for simons_data,GSB-180,simons_data_ga4gh,9606,Senegal,ERX1104510,12,-12,Mandenka,Africa,"['ERR1025640', 'ERR1419136']",ERS1042266,SAMEA3302756,
ERX1104509,Genomic from cell lines,LP6005442-DNA_E11,Homo sapiens,NA19044,male,Public human samples for simons_data,GSB-180,simons_data_ga4gh,9606,Kenya,ERX1104509,1.3,36.8,Luhya,Africa,"['ERR1347655', 'ERR1025639', 'ERR1625858']",ERS1042265,SAMEA3302854,Webuye
ERX1104508,Genomic from cell lines,LP6005442-DNA_C11,Homo sapiens,HG01846,male,Public human samples for simons_data,GSB-180,simons_data_ga4gh,9606,Viet Nam,ERX1104508,21,105.9,Kinh,EastAsia,"['ERR1025638', 'ERR1419189']",ERS1042264,SAMEA3302812,Ho Chi Minh City
ERX1104507,Genomic from cell lines,LP6005442-DNA_D11,Homo sapiens,HG01600,female,Public human samples for simons_data,GSB-180,simons_data_ga4gh,9606,Viet Nam,ERX1104507,21,105.9,Kinh,EastAsia,"['ERR1025637', 'ERR1419196']",ERS1042263,SAMEA3302613,Ho Chi Minh City
ERX1104506,Genomic from cell lines,LP6005441-DNA_H06,Homo sapiens,HGDP01018,female,Public human samples for simons_data,GSB-180,simons_data_ga4gh,9606,Brazil,ERX1104506,-10,-63,Karitiana,America,"['ERR1025636', 'ERR1419164']",ERS1042262,SAMEA3302662,
ERX1104505,Genomic from cell lines,LP6005441-DNA_G06,Homo sapiens,HGDP01012,male,Public human samples for simons_data,GSB-180,simons_data_ga4gh,9606,Brazil,ERX1104505,-10,-63,Karitiana,America,"['ERR1025635', 'ERR1419154']",ERS1042261,SAMEA3302790,
ERX1104504,Genomic from cell lines,LP6005441-DNA_F06,Homo sapiens,HGDP00286,female,Public human samples for simons_data,GSB-180,simons_data_ga4gh,9606,Pakistan,ERX1104504,36,71.5,Kalash,SouthAsia,"['ERR1025634', 'ERR1419144']",ERS1042260,SAMEA3302761,
ERX1104503,Genomic from cell lines,LP6005441-DNA_E06,Homo sapiens,HGDP00328,male,Public human samples for simons_data,GSB-180,simons_data_ga4gh,9606,Pakistan,ERX1104503,36,71.5,Kalash,SouthAsia,"['ERR1025633', 'ERR1419135']",ERS1042259,SAMEA3302754,
ERX1104502,Genomic from blood,LP6005442-DNA_C04,Homo sapiens,iran17,male,Public human samples for simons_data,GSB-180,simons_data_ga4gh,9606,Iran,ERX1104502,35.6,51.5,Iranian,WestEurasia,"['ERR1025632', 'ERR1419187']",ERS1042258,SAMEA3302874,migrants_collected_in_Kuwait
ERX1104501,Genomic from cell lines,LP6005442-DNA_D08,Homo sapiens,NA15761,female,Public human samples for simons_data,GSB-180,simons_data_ga4gh,9606,Iceland,ERX1104501,64.1,-21.9,Icelandic,WestEurasia,"['ERR1025631', 'ERR1419193']",ERS1042257,SAMEA3302837,
ERX1104500,Genomic from cell lines,LP6005442-DNA_A08,Homo sapiens,NA15202,male,Public human samples for simons_data,GSB-180,simons_data_ga4gh,9606,Hungary,ERX1104500,47.5,19.1,Hungarian,WestEurasia,"['ERR1025630', 'ERR1419174']",ERS1042256,SAMEA3302649,
ERX1104499,Genomic from cell lines,LP6005442-DNA_B08,Homo sapiens,NA15203,female,Public human samples for simons_data,GSB-180,simons_data_ga4gh,9606,Hungary,ERX1104499,47.5,19.1,Hungarian,WestEurasia,"['ERR1025629', 'ERR1419182']",ERS1042255,SAMEA3302678,
ERX1104498,Genomic from cell lines,LP6005441-DNA_H05,Homo sapiens,HGDP01242,female,Public human samples for simons_data,GSB-180,simons_data_ga4gh,9606,China,ERX1104498,47.5,133.5,Hezhen,EastAsia,"['ERR1025628', 'ERR1419163']",ERS1042254,SAMEA3302845,
ERX1104496,Genomic from cell lines,LP6005441-DNA_E05,Homo sapiens,HGDP00125,male,Public human samples for simons_data,GSB-180,simons_data_ga4gh,9606,Pakistan,ERX1104496,33.5,70,Hazara,SouthAsia,"['ERR1025626', 'ERR1419134']",ERS1042252,SAMEA3302731,
ERX1104495,Genomic from cell lines,LP6005441-DNA_F05,Homo sapiens,HGDP00124,male,Public human samples for simons_data,GSB-180,simons_data_ga4gh,9606,Pakistan,ERX1104495,33.5,70,Hazara,SouthAsia,"['ERR1025625', 'ERR1419143']",ERS1042251,SAMEA3302749,
ERX1104494,Genomic from blood,LP6005442-DNA_A04,Homo sapiens,mg31,male,Public human samples for simons_data,GSB-180,simons_data_ga4gh,9606,Georgia,ERX1104494,42.5,41.9,Georgian,WestEurasia,"['ERR1025624', 'ERR1419173']",ERS1042250,SAMEA3302838,Zugdidi_in_Megrelia
ERX1104493,Genomic from blood,LP6005442-DNA_B04,Homo sapiens,mg27,male,Public human samples for simons_data,GSB-180,simons_data_ga4gh,9606,Georgia,ERX1104493,42.5,41.9,Georgian,WestEurasia,"['ERR1025623', 'ERR1419181']",ERS1042249,SAMEA3302808,Zugdidi_in_Megrelia
ERX1104492,Genomic from cell lines,LP6005442-DNA_B10,Homo sapiens,HG02943,female,Public human samples for simons_data,GSB-180,simons_data_ga4gh,9606,Nigeria,ERX1104492,6.5,6,Esan,Africa,"['ERR1025622', 'ERR1419183']",ERS1042248,SAMEA3302881,
ERX1104491,Genomic from cell lines,LP6005442-DNA_A10,Homo sapiens,HG03100,male,Public human samples for simons_data,GSB-180,simons_data_ga4gh,9606,Nigeria,ERX1104491,6.5,6,Esan,Africa,"['ERR1025621', 'ERR1419175']",ERS1042247,SAMEA3302628,
ERX1104490,Genomic from cell lines,LP6005442-DNA_E10,Homo sapiens,HG00126,male,Public human samples for simons_data,GSB-180,simons_data_ga4gh,9606,United Kingdom: England,ERX1104490,51.2,0.7,English,WestEurasia,"['ERR1025620', 'ERR1419199']",ERS1042246,SAMEA3302707,Kent
ERX1104489,Genomic from cell lines,LP6005441-DNA_G04,Homo sapiens,HGDP00597,male,Public human samples for simons_data,GSB-180,simons_data_ga4gh,9606,Israel: (Carmel),ERX1104489,32,35,Druze,WestEurasia,"['ERR1025619', 'ERR1419152']",ERS1042245,SAMEA3302870,
ERX1104488,Genomic from cell lines,LP6005441-DNA_H03,Homo sapiens,HGDP00713,female,Public human samples for simons_data,GSB-180,simons_data_ga4gh,9606,Cambodia,ERX1104488,12,105,Cambodian,EastAsia,"['ERR1025618', 'ERR1419162']",ERS1042244,SAMEA3302791,
ERX1104487,Genomic from cell lines,LP6005441-DNA_G03,Homo sapiens,HGDP00717,male,Public human samples for simons_data,GSB-180,simons_data_ga4gh,9606,Cambodia,ERX1104487,12,105,Cambodian,EastAsia,"['ERR1025617', 'ERR1419151']",ERS1042243,SAMEA3302689,
ERX1104486,Genomic from cell lines,LP6005441-DNA_E03,Homo sapiens,HGDP00428,male,Public human samples for simons_data,GSB-180,simons_data_ga4gh,9606,Pakistan,ERX1104486,36.5,74,Burusho,SouthAsia,"['ERR1025616', 'ERR1419133']",ERS1042242,SAMEA3302798,
ERX1104485,Genomic from blood,LP6005442-DNA_B03,Homo sapiens,BulgarianC1,male,Public human samples for simons_data,GSB-180,simons_data_ga4gh,9606,Bulgaria,ERX1104485,42.2,24.7,Bulgarian,WestEurasia,"['ERR1025615', 'ERR1419180']",ERS1042241,SAMEA3302842,Plovdiv
ERX1104484,Genomic from blood,LP6005442-DNA_A03,Homo sapiens,BulgarianB4,male,Public human samples for simons_data,GSB-180,simons_data_ga4gh,9606,Bulgaria,ERX1104484,42.2,24.7,Bulgarian,WestEurasia,"['ERR1025614', 'ERR1419172']",ERS1042240,SAMEA3302718,Plovdiv
ERX1104483,Genomic from cell lines,LP6005441-DNA_H02,Homo sapiens,HGDP00461,male,Public human samples for simons_data,GSB-180,simons_data_ga4gh,9606,Central African Republic,ERX1104483,4,17,Biaka,Africa,"['ERR1025613', 'ERR1419161']",ERS1042239,SAMEA3302673,
ERX1104482,Genomic from cell lines,LP6005441-DNA_G02,Homo sapiens,HGDP00457,male,Public human samples for simons_data,GSB-180,simons_data_ga4gh,9606,Central African Republic,ERX1104482,4,17,Biaka,Africa,"['ERR1025612', 'ERR1419150']",ERS1042238,SAMEA3302816,
ERX1104481,Genomic from cell lines,LP6005441-DNA_E02,Homo sapiens,HGDP00616,male,Public human samples for simons_data,GSB-180,simons_data_ga4gh,9606,Israel: (Negev),ERX1104481,31,35,BedouinB,WestEurasia,"['ERR1025611', 'ERR1419132']",ERS1042237,SAMEA3302823,
ERX1104480,Genomic from cell lines,LP6005442-DNA_C07,Homo sapiens,NA13607,male,Public human samples for simons_data,GSB-180,simons_data_ga4gh,9606,Taiwan,ERX1104480,22.843145,121.185356,Ami,EastAsia,"['ERR1025610', 'ERR1419188']",ERS1042236,SAMEA3302722,
ERX1104479,Genomic from blood,LP6005442-DNA_D02,Homo sapiens,abh100,male,Public human samples for simons_data,GSB-180,simons_data_ga4gh,9606,Russia,ERX1104479,43,41,Abkhasian,WestEurasia,"['ERR1025609', 'ERR1419191']",ERS1042235,SAMEA3302693,
ERX1104478,Genomic from blood,LP6005442-DNA_C02,Homo sapiens,abh107,male,Public human samples for simons_data,GSB-180,simons_data_ga4gh,9606,Abkhazia,ERX1104478,43,41,Abkhasian,WestEurasia,"['ERR1025608', 'ERR1419186']",ERS1042234,SAMEA3302655,Sukhum
ERX1104477,Genomic from cell lines,LP6005441-DNA_H09,Homo sapiens,HGDP00737,female,Public human samples for simons_data,GSB-180,simons_data_ga4gh,9606,Israel: (Central),ERX1104477,32,35,Palestinian,WestEurasia,"['ERR1025607', 'ERR1419167']",ERS1042233,SAMEA3302897,
ERX1104476,Genomic from cell lines,LP6005441-DNA_H10,Homo sapiens,HGDP00903,female,Public human samples for simons_data,GSB-180,simons_data_ga4gh,9606,Russia,ERX1104476,61,40,Russian,WestEurasia,"['ERR1025606', 'ERR1419168']",ERS1042232,SAMEA3302766,Vologda Administrative Region
ERX1104475,Genomic from cell lines,LP6005441-DNA_G10,Homo sapiens,HGDP00887,male,Public human samples for simons_data,GSB-180,simons_data_ga4gh,9606,Russia,ERX1104475,61,40,Russian,WestEurasia,"['ERR1025605', 'ERR1419158']",ERS1042231,SAMEA3302786,Vologda Administrative Region
ERX1104474,Genomic from cell lines,LP6005441-DNA_F10,Homo sapiens,HGDP01044,female,Public human samples for simons_data,GSB-180,simons_data_ga4gh,9606,Mexico,ERX1104474,29,-108,Pima,America,"['ERR1025604', 'ERR1419148']",ERS1042230,SAMEA3302627,
ERX1104473,Genomic from cell lines,LP6005441-DNA_E10,Homo sapiens,HGDP01047,male,Public human samples for simons_data,GSB-180,simons_data_ga4gh,9606,Mexico,ERX1104473,29,-108,Pima,America,"['ERR1025603', 'ERR1419139']",ERS1042229,SAMEA3302779,
ERX1104472,Genomic from cell lines,LP6005441-DNA_H08,Homo sapiens,HGDP01274,female,Public human samples for simons_data,GSB-180,simons_data_ga4gh,9606,Algeria,ERX1104472,32,3,Mozabite,Africa,"['ERR1025602', 'ERR1419166']",ERS1042228,SAMEA3302836,
ERX1104471,Genomic from cell lines,LP6005441-DNA_G08,Homo sapiens,HGDP01253,male,Public human samples for simons_data,GSB-180,simons_data_ga4gh,9606,Algeria,ERX1104471,32,3,Mozabite,Africa,"['ERR1025601', 'ERR1419156']",ERS1042227,SAMEA3302825,
ERX1104470,Genomic from blood,LP6005442-DNA_D09,Homo sapiens,Ayodo_81S,female,Public human samples for simons_data,GSB-180,simons_data_ga4gh,9606,Kenya,ERX1104470,5.6,48.3,Somali,Africa,"['ERR1025600', 'ERR1419194']",ERS1042226,SAMEA3302884,Garissa
ERX1104469,Genomic from blood,LP6005442-DNA_D03,Homo sapiens,ch113,male,Public human samples for simons_data,GSB-180,simons_data_ga4gh,9606,Russia,ERX1104469,43.3,45.7,Chechen,WestEurasia,"['ERR1025599', 'ERR1419192']",ERS1042225,SAMEA3302820,Grozny_in_Chechen_Republic
ERX1104468,Genomic from cell lines,LP6005442-DNA_E07,Homo sapiens,NA13604,male,Public human samples for simons_data,GSB-180,simons_data_ga4gh,9606,Taiwan,ERX1104468,24.611712,121.296444,Atayal,EastAsia,"['ERR1025598', 'ERR1419198']",ERS1042224,SAMEA3302745,
ERX1098022,Genomic_from_cell_lines,LP6005441-DNA_A06,Homo sapiens,HGDP01153,male,Public human samples for simons_data,GSB-180,simons_data_ga4gh,9606,Italy: (Bergamo),ERX1098022,46,10,Bergamo,WestEurasia,"['ERR1019082', 'ERR1419092']",ERS1042183,SAMEA3449876,
ERX1098021,Genomic_from_cell_lines,LP6005441-DNA_C01,Homo sapiens,HGDP00058,male,Public human samples for simons_data,GSB-180,simons_data_ga4gh,9606,Pakistan,ERX1098021,30.49871492,66.5,Balochi,SouthAsia,"['ERR1019081', 'ERR1419110']",ERS1042182,SAMEA3449877,
ERX1098020,Genomic from cell lines,LP6005441-DNA_B10,Homo sapiens,HGDP00550,female,Public human samples for simons_data,GSB-180,simons_data_ga4gh,9606,PapuaNewGuinea,ERX1098020,-4,143,Papuan,Oceania,"['ERR1019080', 'ERR1419107']",ERS1042181,SAMEA3302738,NewGuinea
ERX1098019,Genomic from cell lines,LP6005441-DNA_B09,Homo sapiens,HGDP01345,female,Public human samples for simons_data,GSB-180,simons_data_ga4gh,9606,China,ERX1098019,26,100,Naxi,EastAsia,"['ERR1019079', 'ERR1419106']",ERS1042180,SAMEA3302620,
ERX1098018,Genomic from cell lines,LP6005441-DNA_A08,Homo sapiens,HGDP00449,male,Public human samples for simons_data,GSB-180,simons_data_ga4gh,9606,Congo,ERX1098018,1,29,Mbuti,Africa,"['ERR1019078', 'ERR1419093']",ERS1042179,SAMEA3302659,
ERX1098017,Genomic from cell lines,LP6005441-DNA_B08,Homo sapiens,HGDP00476,female,Public human samples for simons_data,GSB-180,simons_data_ga4gh,9606,Congo,ERX1098017,1,29,Mbuti,Africa,"['ERR1019077', 'ERR1419105']",ERS1042178,SAMEA3302716,
ERX1098016,Genomic from cell lines,LP6005441-DNA_A11,Homo sapiens,HGDP01032,male,Public human samples for simons_data,GSB-180,simons_data_ga4gh,9606,Namibia,ERX1098016,-18.9,21.5,Ju_hoan_North,Africa,"['ERR1019076', 'ERR1419096']",ERS1042177,SAMEA3302682,
ERX1098015,Genomic from cell lines,LP6005441-DNA_B11,Homo sapiens,HGDP00987,male,Public human samples for simons_data,GSB-180,simons_data_ga4gh,9606,Namibia,ERX1098015,-18.9,21.5,Ju_hoan_North,Africa,"['ERR1019075', 'ERR1419108']",ERS1042176,SAMEA3302900,
ERX1098014,Genomic from cell lines,LP6005441-DNA_D06,Homo sapiens,HGDP00773,female,Public human samples for simons_data,GSB-180,simons_data_ga4gh,9606,Japan,ERX1098014,38,138,Japanese,EastAsia,"['ERR1019074', 'ERR1419125']",ERS1042175,SAMEA3302906,
ERX1098013,Genomic from cell lines,LP6005441-DNA_D04,Homo sapiens,HGDP01315,female,Public human samples for simons_data,GSB-180,simons_data_ga4gh,9606,China,ERX1098013,21,100,Dai,EastAsia,"['ERR1019073', 'ERR1419123']",ERS1042174,SAMEA3302785,
ERX1098012,Genomic from cell lines,LP6005441-DNA_D12,Homo sapiens,HGDP01355,female,Public human samples for simons_data,GSB-180,simons_data_ga4gh,9606,China,ERX1098012,36,101,Tu,EastAsia,"['ERR1019072', 'ERR1419131']",ERS1042173,SAMEA3302824,
ERX1098011,Genomic from cell lines,LP6005441-DNA_B12,Homo sapiens,HGDP00852,female,Public human samples for simons_data,GSB-180,simons_data_ga4gh,9606,Brazil,ERX1098011,-11,-62,Surui,America,"['ERR1019071', 'ERR1419109']",ERS1042172,SAMEA3302830,
ERX1098010,Genomic from cell lines,LP6005441-DNA_A12,Homo sapiens,HGDP00846,female,Public human samples for simons_data,GSB-180,simons_data_ga4gh,9606,Brazil,ERX1098010,-11,-62,Surui,America,"['ERR1019070', 'ERR1419097']",ERS1042171,SAMEA3302865,
ERX1098009,Genomic from cell lines,LP6005441-DNA_D11,Homo sapiens,HGDP01078,female,Public human samples for simons_data,GSB-180,simons_data_ga4gh,9606,Italy: (Sardinia),ERX1098009,40,9,Sardinian,WestEurasia,"['ERR1019069', 'ERR1419130']",ERS1042170,SAMEA3302813,
ERX1098008,Genomic from cell lines,LP6005441-DNA_C11,Homo sapiens,HGDP01079,male,Public human samples for simons_data,GSB-180,simons_data_ga4gh,9606,Italy: (Sardinia),ERX1098008,40,9,Sardinian,WestEurasia,"['ERR1019068', 'ERR1419119']",ERS1042169,SAMEA3302822,
ERX1098007,Genomic from cell lines,LP6005441-DNA_B04,Homo sapiens,HGDP00706,female,Public human samples for simons_data,GSB-180,simons_data_ga4gh,9606,Colombia,ERX1098007,3,-68,Piapoco,America,"['ERR1019067', 'ERR1419101']",ERS1042168,SAMEA3302669,
ERX1098006,Genomic from cell lines,LP6005441-DNA_A04,Homo sapiens,HGDP00702,female,Public human samples for simons_data,GSB-180,simons_data_ga4gh,9606,Colombia,ERX1098006,3,-68,Piapoco,America,"['ERR1019066', 'ERR1419090']",ERS1042167,SAMEA3302619,
ERX1098005,Genomic from cell lines,LP6005441-DNA_D10,Homo sapiens,HGDP00232,female,Public human samples for simons_data,GSB-180,simons_data_ga4gh,9606,Pakistan,ERX1098005,33.5,70.5,Pathan,SouthAsia,"['ERR1019065', 'ERR1419129']",ERS1042166,SAMEA3302639,
ERX1098004,Genomic from cell lines,LP6005441-DNA_C10,Homo sapiens,HGDP00216,male,Public human samples for simons_data,GSB-180,simons_data_ga4gh,9606,Pakistan,ERX1098004,33.5,70.5,Pathan,SouthAsia,"['ERR1019064', 'ERR1419118']",ERS1042165,SAMEA3302674,
ERX1098003,Genomic from cell lines,LP6005441-DNA_D09,Homo sapiens,HGDP00796,female,Public human samples for simons_data,GSB-180,simons_data_ga4gh,9606,OrkneyIslands,ERX1098003,59,-3,Orcadian,WestEurasia,"['ERR1019063', 'ERR1419128']",ERS1042164,SAMEA3302713,
ERX1098002,Genomic from cell lines,LP6005441-DNA_C09,Homo sapiens,HGDP00798,male,Public human samples for simons_data,GSB-180,simons_data_ga4gh,9606,OrkneyIslands,ERX1098002,59,-3,Orcadian,WestEurasia,"['ERR1019062', 'ERR1419117']",ERS1042163,SAMEA3302667,
ERX1098001,Genomic from cell lines,LP6005441-DNA_D08,Homo sapiens,HGDP01198,female,Public human samples for simons_data,GSB-180,simons_data_ga4gh,9606,China,ERX1098001,28,109,Miao,EastAsia,"['ERR1019061', 'ERR1419127']",ERS1042162,SAMEA3302777,
ERX1098000,Genomic from cell lines,LP6005441-DNA_C08,Homo sapiens,HGDP01191,male,Public human samples for simons_data,GSB-180,simons_data_ga4gh,9606,China,ERX1098000,28,109,Miao,EastAsia,"['ERR1019060', 'ERR1419116']",ERS1042124,SAMEA3302846,
ERX1097999,Genomic from cell lines,LP6005441-DNA_D07,Homo sapiens,HGDP00157,female,Public human samples for simons_data,GSB-180,simons_data_ga4gh,9606,Pakistan,ERX1097999,26,64,Makrani,SouthAsia,"['ERR1019059', 'ERR1419126']",ERS1042161,SAMEA3302616,
ERX1097998,Genomic from cell lines,LP6005441-DNA_C07,Homo sapiens,HGDP00160,male,Public human samples for simons_data,GSB-180,simons_data_ga4gh,9606,Pakistan,ERX1097998,26,64,Makrani,SouthAsia,"['ERR1019058', 'ERR1419115']",ERS1042160,SAMEA3302771,
ERX1097997,Genomic from cell lines,LP6005441-DNA_B07,Homo sapiens,HGDP01323,female,Public human samples for simons_data,GSB-180,simons_data_ga4gh,9606,China,ERX1097997,22,100,Lahu,EastAsia,"['ERR1019057', 'ERR1419104']",ERS1042159,SAMEA3302882,
ERX1097996,Genomic from cell lines,LP6005441-DNA_C05,Homo sapiens,HGDP00785,male,Public human samples for simons_data,GSB-180,simons_data_ga4gh,9606,China,ERX1097996,32.3,114,Han,EastAsia,"['ERR1019056', 'ERR1419113']",ERS1042158,SAMEA3302804,
ERX1097995,Genomic from cell lines,LP6005441-DNA_D05,Homo sapiens,HGDP00783,female,Public human samples for simons_data,GSB-180,simons_data_ga4gh,9606,China,ERX1097995,32.3,114,Han,EastAsia,"['ERR1019055', 'ERR1419124']",ERS1042157,SAMEA3302770,
ERX1097994,Genomic from cell lines,LP6005441-DNA_B05,Homo sapiens,HGDP00526,female,Public human samples for simons_data,GSB-180,simons_data_ga4gh,9606,France,ERX1097994,46,2,French,WestEurasia,"['ERR1019054', 'ERR1419102']",ERS1042156,SAMEA3302828,
ERX1097992,Genomic from cell lines,LP6005441-DNA_F03,Homo sapiens,HGDP00338,female,Public human samples for simons_data,GSB-180,simons_data_ga4gh,9606,Pakistan,ERX1097992,36.5,74,Burusho,SouthAsia,"['ERR1019052', 'ERR1419142']",ERS1042154,SAMEA3302795,
ERX1097991,Genomic from cell lines,LP6005441-DNA_C03,Homo sapiens,HGDP00019,male,Public human samples for simons_data,GSB-180,simons_data_ga4gh,9606,Pakistan,ERX1097991,30.5,66.5,Brahui,SouthAsia,"['ERR1019051', 'ERR1419112']",ERS1042153,SAMEA3302677,
ERX1097990,Genomic from cell lines,LP6005441-DNA_D03,Homo sapiens,HGDP00027,male,Public human samples for simons_data,GSB-180,simons_data_ga4gh,9606,Pakistan,ERX1097990,30.5,66.5,Brahui,SouthAsia,"['ERR1019050', 'ERR1419122']",ERS1042152,SAMEA3302782,
ERX1097989,Genomic from cell lines,LP6005441-DNA_A03,Homo sapiens,HGDP00656,female,Public human samples for simons_data,GSB-180,simons_data_ga4gh,9606,PapuaNewGuinea,ERX1097989,-6,155,Bougainville,Oceania,"['ERR1019049', 'ERR1419089']",ERS1042151,SAMEA3302636,Bougainville_Island
ERX1097988,Genomic from cell lines,LP6005441-DNA_B03,Homo sapiens,HGDP00660,female,Public human samples for simons_data,GSB-180,simons_data_ga4gh,9606,PapuaNewGuinea,ERX1097988,-6,155,Bougainville,Oceania,"['ERR1019048', 'ERR1419100']",ERS1042150,SAMEA3302841,Bougainville_Island
ERX1097987,Genomic from cell lines,LP6005441-DNA_F02,Homo sapiens,HGDP00650,female,Public human samples for simons_data,GSB-180,simons_data_ga4gh,9606,Israel: (Negev),ERX1097987,31,35,BedouinB,WestEurasia,"['ERR1019047', 'ERR1419141']",ERS1042149,SAMEA3302695,
ERX1097986,Genomic from cell lines,LP6005441-DNA_D02,Homo sapiens,HGDP01365,female,Public human samples for simons_data,GSB-180,simons_data_ga4gh,9606,France,ERX1097986,43,0,Basque,WestEurasia,"['ERR1019046', 'ERR1419121']",ERS1042148,SAMEA3302903,
ERX1097985,Genomic from cell lines,LP6005441-DNA_C02,Homo sapiens,HGDP01364,male,Public human samples for simons_data,GSB-180,simons_data_ga4gh,9606,France,ERX1097985,43,0,Basque,WestEurasia,"['ERR1019045', 'ERR1419111']",ERS1042147,SAMEA3302621,
ERX1097984,Genomic from cell lines,LP6005441-DNA_B02,Homo sapiens,HGDP01414,female,Public human samples for simons_data,GSB-180,simons_data_ga4gh,9606,Kenya,ERX1097984,-3,37,BantuKenya,Africa,"['ERR1019044', 'ERR1419099']",ERS1042146,SAMEA3302710,
ERX1097983,Genomic from cell lines,LP6005441-DNA_F01,Homo sapiens,HGDP01035,male,Public human samples for simons_data,GSB-180,simons_data_ga4gh,9606,BotswanaOrNamibia,ERX1097983,-22,19,BantuHerero,Africa,"['ERR1019043', 'ERR1419140']",ERS1042145,SAMEA3302869,
ERX1097982,Genomic from cell lines,LP6005441-DNA_B01,Homo sapiens,HGDP01401,female,Public human samples for simons_data,GSB-180,simons_data_ga4gh,9606,Russia: (Caucasus),ERX1097982,44,39,Adygei,WestEurasia,"['ERR1019042', 'ERR1419098']",ERS1042144,SAMEA3302728,Krasnodar
ERX1097981,Genomic from cell lines,LP6005441-DNA_A01,Homo sapiens,HGDP01402,male,Public human samples for simons_data,GSB-180,simons_data_ga4gh,9606,Russia: (Caucasus),ERX1097981,44,39,Adygei,WestEurasia,"['ERR1019041', 'ERR1419088']",ERS1042143,SAMEA3302656,Krasnodar
ERX1097980,Genomic from cell lines,LP6005441-DNA_A10,Homo sapiens,HGDP00541,male,Public human samples for simons_data,GSB-180,simons_data_ga4gh,9606,PapuaNewGuinea,ERX1097980,-4,143,Papuan,Oceania,"['ERR1019040', 'ERR1419095']",ERS1042142,SAMEA3302892,NewGuinea
ERX1097979,Genomic from cell lines,LP6005441-DNA_A09,Homo sapiens,HGDP01344,male,Public human samples for simons_data,GSB-180,simons_data_ga4gh,9606,China,ERX1097979,26,100,Naxi,EastAsia,"['ERR1019039', 'ERR1419094']",ERS1042141,SAMEA3302776,
ERX1097978,Genomic from cell lines,LP6005441-DNA_C06,Homo sapiens,HGDP00749,male,Public human samples for simons_data,GSB-180,simons_data_ga4gh,9606,Japan,ERX1097978,38,138,Japanese,EastAsia,"['ERR1019038', 'ERR1419114', 'ERR1625861']",ERS1042140,SAMEA3302867,
ERX1097977,Genomic from cell lines,LP6005441-DNA_F04,Homo sapiens,HGDP01215,female,Public human samples for simons_data,GSB-180,simons_data_ga4gh,9606,China,ERX1097977,48.5,124,Daur,EastAsia,"['ERR1625857', 'ERR1425294', 'ERR1019037']",ERS1042139,SAMEA3302840,
ERX1097975,Genomic from cell lines,LP6005441-DNA_D01,Homo sapiens,HGDP00090,male,Public human samples for simons_data,GSB-180,simons_data_ga4gh,9606,Pakistan,ERX1097975,30.5,66.5,Balochi,SouthAsia,"['ERR1019035', 'ERR1419120']",ERS1042137,SAMEA3302890,
ERX1097974,Genomic from blood,LP6005442-DNA_F02,Homo sapiens,altai363p,male,Public human samples for simons_data,GSB-180,simons_data_ga4gh,9606,Russia,ERX1097974,51.9,86,Altaian,CentralAsiaSiberia,"['ERR1019034', 'ERR1419200']",ERS1042136,SAMEA3302753,
